building_count,divipola,source,name,department,total_rooftop_sqm,mean_area_sqm,min_confidence_used,computed_at,median_area_sqm
13708,23855,microsoft,VALENCIA,CÓRDOBA,1219421.21,88.96,,2026-05-24T02:58:48+00:00,69.56
3682,50450,microsoft,PUERTO CONCORDIA,META,386277.22,104.91,,2026-05-24T02:58:48+00:00,76.21
11848,70473,microsoft,MORROA,SUCRE,1874290.37,158.19,,2026-05-24T02:58:48+00:00,98.59
17197,86320,microsoft,ORITO,PUTUMAYO,1960071.7,113.98,,2026-05-24T02:58:48+00:00,77.24
17499,81736,microsoft,SARAVENA,ARAUCA,3080493.15,176.04,,2026-05-24T02:58:48+00:00,86.93
12112,19137,microsoft,CALDONO,CAUCA,1137804.11,93.94,,2026-05-24T02:58:48+00:00,71.47
67435,47001,microsoft,SANTA MARTA,MAGDALENA,14175455.14,210.21,,2026-05-24T02:58:48+00:00,100.49
4140,13042,microsoft,ARENAL,BOLÍVAR,376964.72,91.05,,2026-05-24T02:58:48+00:00,64.82
8718,52079,microsoft,BARBACOAS,NARIÑO,853533.52,97.9,,2026-05-24T02:58:48+00:00,69.63
11594,13657,microsoft,SAN JUAN NEPOMUCENO,BOLÍVAR,1195861.99,103.14,,2026-05-24T02:58:48+00:00,80.36
10314,54250,microsoft,EL TARRA,NORTE DE SANTANDER,1115250.43,108.13,,2026-05-24T02:58:48+00:00,80.95
5270,19418,microsoft,LÓPEZ,CAUCA,460978.6,87.47,,2026-05-24T02:58:48+00:00,67.91
2435,52621,microsoft,ROBERTO PAYÁN,NARIÑO,213626.42,87.73,,2026-05-24T02:58:48+00:00,72.44
10114,05120,microsoft,CÁCERES,ANTIOQUIA,927924.64,91.75,,2026-05-24T02:58:48+00:00,63.15
5127,52256,microsoft,EL ROSARIO,NARIÑO,424126.55,82.72,,2026-05-24T02:58:48+00:00,62.76
10826,73555,microsoft,PLANADAS,TOLIMA,949179.06,87.68,,2026-05-24T02:58:48+00:00,62.11
29059,81065,microsoft,ARAUQUITA,ARAUCA,3461684.37,119.13,,2026-05-24T02:58:48+00:00,80.58
8600,86757,microsoft,SAN MIGUEL,PUTUMAYO,891469.1,103.66,,2026-05-24T02:58:48+00:00,78.55
9920,19050,microsoft,ARGELIA,CAUCA,1039738.36,104.81,,2026-05-24T02:58:48+00:00,76.05
3869,18094,microsoft,BELÉN DE LOS ANDAQUÍES,CAQUETÁ,585168.73,151.25,,2026-05-24T02:58:48+00:00,84.87
7443,50590,microsoft,PUERTO RICO,META,782100.0,105.08,,2026-05-24T02:58:48+00:00,72.39
6376,52250,microsoft,EL CHARCO,NARIÑO,606916.71,95.19,,2026-05-24T02:58:48+00:00,75.31
4100,70204,microsoft,COLOSO,SUCRE,326664.34,79.67,,2026-05-24T02:58:48+00:00,65.42
9468,70508,microsoft,OVEJAS,SUCRE,802366.85,84.75,,2026-05-24T02:58:48+00:00,65.09
8944,05172,microsoft,CHIGORODÓ,ANTIOQUIA,1614758.5,180.54,,2026-05-24T02:58:48+00:00,85.22
7709,95025,microsoft,EL RETORNO,GUAVIARE,827899.08,107.39,,2026-05-24T02:58:48+00:00,74.05
4871,54344,microsoft,HACARÍ,NORTE DE SANTANDER,473887.17,97.29,,2026-05-24T02:58:48+00:00,76.31
6810,05031,microsoft,AMALFI,ANTIOQUIA,865323.42,127.07,,2026-05-24T02:58:48+00:00,64.3
9269,05736,microsoft,SEGOVIA,ANTIOQUIA,994917.99,107.34,,2026-05-24T02:58:48+00:00,70.27
8196,05147,microsoft,CAREPA,ANTIOQUIA,1489952.8,181.79,,2026-05-24T02:58:48+00:00,88.45
8489,41020,microsoft,ALGECIRAS,HUILA,951080.64,112.04,,2026-05-24T02:58:48+00:00,76.39
1764,95200,microsoft,MIRAFLORES,GUAVIARE,206804.78,117.24,,2026-05-24T02:58:48+00:00,72.73
4420,18610,microsoft,SAN JOSÉ DEL FRAGUA,CAQUETÁ,578083.35,130.79,,2026-05-24T02:58:48+00:00,79.57
1553,27450,microsoft,MEDIO SAN JUAN,CHOCÓ,149015.83,95.95,,2026-05-24T02:58:48+00:00,71.88
17339,19548,microsoft,PIENDAMÓ,CAUCA,2287475.43,131.93,,2026-05-24T02:58:48+00:00,88.39
7173,05893,microsoft,YONDÓ,ANTIOQUIA,867583.55,120.95,,2026-05-24T02:58:48+00:00,78.06
6032,95015,microsoft,CALAMAR,GUAVIARE,684255.76,113.44,,2026-05-24T02:58:48+00:00,76.45
3908,52233,microsoft,CUMBITARA,NARIÑO,361679.46,92.55,,2026-05-24T02:58:48+00:00,67.97
5315,52540,microsoft,POLICARPA,NARIÑO,481772.15,90.64,,2026-05-24T02:58:48+00:00,67.38
10671,20570,microsoft,PUEBLO BELLO,CESAR,892640.47,83.65,,2026-05-24T02:58:48+00:00,51.53
3445,13894,microsoft,ZAMBRANO,BOLÍVAR,350490.1,101.74,,2026-05-24T02:58:48+00:00,77.65
11065,19532,microsoft,PATÍA,CAUCA,1364376.99,123.31,,2026-05-24T02:58:48+00:00,83.17
21309,20013,microsoft,AGUSTÍN CODAZZI,CESAR,2264184.97,106.25,,2026-05-24T02:58:48+00:00,76.18
7615,76563,microsoft,PRADERA,VALLE DEL CAUCA,1636109.63,214.85,,2026-05-24T02:58:48+00:00,99.54
3397,05107,microsoft,BRICEÑO,ANTIOQUIA,301082.94,88.63,,2026-05-24T02:58:48+00:00,66.51
1702,05873,microsoft,VIGÍA DEL FUERTE,ANTIOQUIA,161826.21,95.08,,2026-05-24T02:58:48+00:00,72.48
15610,44650,microsoft,SAN JUAN DEL CESAR,LA GUAJIRA,1727536.08,110.67,,2026-05-24T02:58:48+00:00,77.48
8580,54206,microsoft,CONVENCIÓN,NORTE DE SANTANDER,909296.17,105.98,,2026-05-24T02:58:48+00:00,76.37
3955,13160,microsoft,CANTAGALLO,BOLÍVAR,380657.2,96.25,,2026-05-24T02:58:48+00:00,68.9
14469,47288,microsoft,FUNDACIÓN,MAGDALENA,1743527.45,120.5,,2026-05-24T02:58:48+00:00,80.11
17356,70713,microsoft,SAN ONOFRE,SUCRE,1485473.53,85.59,,2026-05-24T02:58:48+00:00,68.68
9088,13654,microsoft,SAN JACINTO,BOLÍVAR,870289.99,95.76,,2026-05-24T02:58:48+00:00,76.8
9334,19821,microsoft,TORIBIO,CAUCA,802683.82,86.0,,2026-05-24T02:58:48+00:00,66.0
16173,19142,microsoft,CALOTO,CAUCA,2328163.82,143.95,,2026-05-24T02:58:48+00:00,88.18
4465,05854,microsoft,VALDIVIA,ANTIOQUIA,380047.39,85.12,,2026-05-24T02:58:48+00:00,63.8
1990,27250,microsoft,EL LITORAL DEL SAN JUAN,CHOCÓ,174478.73,87.68,,2026-05-24T02:58:48+00:00,71.5
7098,19455,microsoft,MIRANDA,CAUCA,1106949.36,155.95,,2026-05-24T02:58:48+00:00,90.6
10052,50711,microsoft,VISTA HERMOSA,META,1098199.39,109.25,,2026-05-24T02:58:48+00:00,75.38
41294,52835,microsoft,SAN ANDRES DE TUMACO,NARIÑO,4509691.2,109.21,,2026-05-24T02:58:48+00:00,76.94
7842,86573,microsoft,LEGUÍZAMO,PUTUMAYO,967158.17,123.33,,2026-05-24T02:58:48+00:00,76.89
21535,95001,microsoft,SAN JOSÉ DEL GUAVIARE,GUAVIARE,3108857.47,144.36,,2026-05-24T02:58:48+00:00,86.13
3067,13248,microsoft,EL GUAMO,BOLÍVAR,293694.71,95.76,,2026-05-24T02:58:48+00:00,79.17
5695,27615,microsoft,RIOSUCIO,CHOCÓ,465494.42,81.74,,2026-05-24T02:58:48+00:00,66.26
9274,86885,microsoft,VILLAGARZÓN,PUTUMAYO,1313576.72,141.64,,2026-05-24T02:58:48+00:00,87.51
15325,50350,microsoft,LA MACARENA,META,2167518.96,141.44,,2026-05-24T02:58:48+00:00,87.65
14594,20400,microsoft,LA JAGUA DE IBIRICO,CESAR,1668370.37,114.32,,2026-05-24T02:58:48+00:00,73.2
29628,23807,microsoft,TIERRALTA,CÓRDOBA,2925273.3,98.73,,2026-05-24T02:58:48+00:00,74.61
4678,70523,microsoft,SAN ANTONIO DE PALMITO,SUCRE,368530.3,78.78,,2026-05-24T02:58:48+00:00,61.2
20266,86568,microsoft,PUERTO ASÍS,PUTUMAYO,2962230.91,146.17,,2026-05-24T02:58:48+00:00,86.29
11146,73067,microsoft,ATACO,TOLIMA,1030200.95,92.43,,2026-05-24T02:58:48+00:00,66.34
11605,05154,microsoft,CAUCASIA,ANTIOQUIA,1944279.83,167.54,,2026-05-24T02:58:48+00:00,86.11
2027,18029,microsoft,ALBANIA,CAQUETÁ,342417.29,168.93,,2026-05-24T02:58:48+00:00,117.11
7944,05234,microsoft,DABEIBA,ANTIOQUIA,725432.85,91.32,,2026-05-24T02:58:48+00:00,58.25
7241,05040,microsoft,ANORÍ,ANTIOQUIA,653202.75,90.21,,2026-05-24T02:58:48+00:00,64.01
2004,27099,microsoft,BOJAYA,CHOCÓ,172838.55,86.25,,2026-05-24T02:58:48+00:00,66.96
13794,13442,microsoft,MARÍA LA BAJA,BOLÍVAR,1317988.77,95.55,,2026-05-24T02:58:48+00:00,79.3
24127,13244,microsoft,EL CARMEN DE BOLÍVAR,BOLÍVAR,2182191.36,90.45,,2026-05-24T02:58:48+00:00,69.18
7302,19450,microsoft,MERCADERES,CAUCA,800875.61,109.68,,2026-05-24T02:58:48+00:00,73.13
6635,20750,microsoft,SAN DIEGO,CESAR,696506.83,104.97,,2026-05-24T02:58:48+00:00,78.42
3465,27150,microsoft,CARMEN DEL DARIEN,CHOCÓ,280801.82,81.04,,2026-05-24T02:58:48+00:00,66.14
8041,20045,microsoft,BECERRIL,CESAR,796563.72,99.06,,2026-05-24T02:58:48+00:00,68.02
8635,19212,microsoft,CORINTO,CAUCA,1010172.63,116.99,,2026-05-24T02:58:48+00:00,82.49
11682,44090,microsoft,DIBULLA,LA GUAJIRA,918276.43,78.61,,2026-05-24T02:58:48+00:00,49.36
3446,52418,microsoft,LOS ANDES,NARIÑO,273559.59,79.38,,2026-05-24T02:58:48+00:00,59.13
11832,05665,microsoft,SAN PEDRO DE URABA,ANTIOQUIA,1292972.68,109.28,,2026-05-24T02:58:48+00:00,78.54
22363,18753,microsoft,SAN VICENTE DEL CAGUÁN,CAQUETÁ,3543524.11,158.45,,2026-05-24T02:58:48+00:00,95.7
4442,18256,microsoft,EL PAUJIL,CAQUETÁ,764586.47,172.13,,2026-05-24T02:58:48+00:00,105.87
5536,86569,microsoft,PUERTO CAICEDO,PUTUMAYO,684559.31,123.66,,2026-05-24T02:58:48+00:00,80.96
6118,54670,microsoft,SAN CALIXTO,NORTE DE SANTANDER,581615.94,95.07,,2026-05-24T02:58:48+00:00,75.6
5029,19364,microsoft,JAMBALÓ,CAUCA,427628.66,85.03,,2026-05-24T02:58:48+00:00,67.21
8251,70823,microsoft,TOLÚ VIEJO,SUCRE,761705.77,92.32,,2026-05-24T02:58:48+00:00,69.34
8503,54800,microsoft,TEORAMA,NORTE DE SANTANDER,930785.52,109.47,,2026-05-24T02:58:48+00:00,79.51
5826,18247,microsoft,EL DONCELLO,CAQUETÁ,1129727.18,193.91,,2026-05-24T02:58:48+00:00,112.92
5326,19318,microsoft,GUAPI,CAUCA,566506.05,106.37,,2026-05-24T02:58:48+00:00,79.45
16202,86865,microsoft,VALLE DEL GUAMUEZ,PUTUMAYO,1816498.63,112.12,,2026-05-24T02:58:48+00:00,80.4
4530,05495,microsoft,NECHÍ,ANTIOQUIA,354807.29,78.32,,2026-05-24T02:58:48+00:00,58.66
2051,27491,microsoft,NÓVITA,CHOCÓ,184001.12,89.71,,2026-05-24T02:58:48+00:00,62.52
4555,70418,microsoft,LOS PALMITOS,SUCRE,359185.81,78.86,,2026-05-24T02:58:48+00:00,61.01
7442,81300,microsoft,FORTUL,ARAUCA,924879.2,124.28,,2026-05-24T02:58:48+00:00,83.02
10728,86571,microsoft,PUERTO GUZMÁN,PUTUMAYO,1119854.39,104.39,,2026-05-24T02:58:48+00:00,75.83
42642,05837,microsoft,TURBO,ANTIOQUIA,4590955.35,107.66,,2026-05-24T02:58:48+00:00,72.35
1314,05475,microsoft,MURINDÓ,ANTIOQUIA,108928.1,82.9,,2026-05-24T02:58:48+00:00,69.57
15649,19473,microsoft,MORALES,CAUCA,1408866.75,90.03,,2026-05-24T02:58:48+00:00,68.57
7849,05361,microsoft,ITUANGO,ANTIOQUIA,723710.89,92.2,,2026-05-24T02:58:48+00:00,64.84
12609,86001,microsoft,MOCOA,PUTUMAYO,2130800.57,168.99,,2026-05-24T02:58:48+00:00,93.64
2467,52696,microsoft,SANTA BÁRBARA,NARIÑO,256466.4,103.96,,2026-05-24T02:58:48+00:00,79.22
5681,54245,microsoft,EL CARMEN,NORTE DE SANTANDER,526812.28,92.73,,2026-05-24T02:58:48+00:00,69.05
1599,27425,microsoft,MEDIO ATRATO,CHOCÓ,154808.1,96.82,,2026-05-24T02:58:48+00:00,67.22
5581,50577,microsoft,PUERTO LLERAS,META,649720.75,116.42,,2026-05-24T02:58:48+00:00,80.02
6591,18410,microsoft,LA MONTAÑITA,CAQUETÁ,850270.51,129.0,,2026-05-24T02:58:48+00:00,88.46
2459,27205,microsoft,CONDOTO,CHOCÓ,291349.79,118.48,,2026-05-24T02:58:48+00:00,83.38
5912,27800,microsoft,UNGUÍA,CHOCÓ,536060.73,90.67,,2026-05-24T02:58:48+00:00,67.88
6687,50330,microsoft,MESETAS,META,817158.63,122.2,,2026-05-24T02:58:48+00:00,79.16
10596,20621,microsoft,LA PAZ,CESAR,1200816.77,113.33,,2026-05-24T02:58:48+00:00,80.6
21096,23466,microsoft,MONTELÍBANO,CÓRDOBA,2700223.92,128.0,,2026-05-24T02:58:48+00:00,79.66
20687,81794,microsoft,TAME,ARAUCA,2729108.79,131.92,,2026-05-24T02:58:48+00:00,82.21
2898,18785,microsoft,SOLITA,CAQUETÁ,372217.96,128.44,,2026-05-24T02:58:48+00:00,91.67
9058,47053,microsoft,ARACATACA,MAGDALENA,888470.31,98.09,,2026-05-24T02:58:48+00:00,71.74
10556,19780,microsoft,SUÁREZ,CAUCA,926035.67,87.73,,2026-05-24T02:58:48+00:00,69.15
9822,05250,microsoft,EL BAGRE,ANTIOQUIA,906981.54,92.34,,2026-05-24T02:58:48+00:00,60.38
3354,52427,microsoft,MAGÜI,NARIÑO,391555.72,116.74,,2026-05-24T02:58:48+00:00,79.83
26757,18001,microsoft,FLORENCIA,CAQUETÁ,6673100.87,249.4,,2026-05-24T02:58:48+00:00,106.64
13337,44279,microsoft,FONSECA,LA GUAJIRA,1542272.18,115.64,,2026-05-24T02:58:48+00:00,78.58
12912,47189,microsoft,CIÉNAGA,MAGDALENA,1346977.29,104.32,,2026-05-24T02:58:48+00:00,72.59
5185,19809,microsoft,TIMBIQUÍ,CAUCA,560277.94,108.06,,2026-05-24T02:58:48+00:00,77.66
37012,19256,microsoft,EL TAMBO,CAUCA,3294891.33,89.02,,2026-05-24T02:58:48+00:00,68.65
30873,19698,microsoft,SANTANDER DE QUILICHAO,CAUCA,4244981.84,137.5,,2026-05-24T02:58:48+00:00,92.39
4401,52490,microsoft,OLAYA HERRERA,NARIÑO,451943.17,102.69,,2026-05-24T02:58:48+00:00,77.95
3798,18460,microsoft,MILÁN,CAQUETÁ,545535.38,143.64,,2026-05-24T02:58:48+00:00,95.41
7091,50370,microsoft,URIBE,META,756333.27,106.66,,2026-05-24T02:58:48+00:00,71.25
18961,05490,microsoft,NECOCLÍ,ANTIOQUIA,1677706.35,88.48,,2026-05-24T02:58:48+00:00,63.58
740,27745,microsoft,SIPÍ,CHOCÓ,60232.79,81.4,,2026-05-24T02:58:48+00:00,63.32
34382,76109,microsoft,BUENAVENTURA,VALLE DEL CAUCA,7266264.58,211.34,,2026-05-24T02:58:48+00:00,93.29
1732,52520,microsoft,FRANCISCO PIZARRO,NARIÑO,160658.04,92.76,,2026-05-24T02:58:48+00:00,73.08
9944,54720,microsoft,SARDINATA,NORTE DE SANTANDER,1100964.88,110.72,,2026-05-24T02:58:48+00:00,74.51
1509,18479,microsoft,MORELIA,CAQUETÁ,247352.36,163.92,,2026-05-24T02:58:48+00:00,112.88
3844,52405,microsoft,LEIVA,NARIÑO,363567.63,94.58,,2026-05-24T02:58:48+00:00,73.73
3504,20443,microsoft,MANAURE BALCÓN DEL CESAR,CESAR,428061.19,122.16,,2026-05-24T02:58:48+00:00,89.26
9700,13670,microsoft,SAN PABLO,BOLÍVAR,1110947.0,114.53,,2026-05-24T02:58:48+00:00,75.15
14075,13688,microsoft,SANTA ROSA DEL SUR,BOLÍVAR,1615009.04,114.74,,2026-05-24T02:58:48+00:00,72.42
7122,13744,microsoft,SIMITÍ,BOLÍVAR,797920.94,112.04,,2026-05-24T02:58:48+00:00,72.28
9060,73616,microsoft,RIOBLANCO,TOLIMA,796027.44,87.86,,2026-05-24T02:58:48+00:00,62.51
4186,18860,microsoft,VALPARAÍSO,CAQUETÁ,614949.18,146.91,,2026-05-24T02:58:48+00:00,108.24
11080,19110,microsoft,BUENOS AIRES,CAUCA,1096543.71,98.97,,2026-05-24T02:58:48+00:00,77.7
2007,27361,microsoft,ISTMINA,CHOCÓ,175610.55,87.5,,2026-05-24T02:58:48+00:00,65.33
8819,19075,microsoft,BALBOA,CAUCA,898078.25,101.83,,2026-05-24T02:58:48+00:00,76.08
35339,54810,microsoft,TIBÚ,NORTE DE SANTANDER,3553332.32,100.55,,2026-05-24T02:58:48+00:00,68.61
7041,05480,microsoft,MUTATÁ,ANTIOQUIA,741894.36,105.37,,2026-05-24T02:58:48+00:00,71.53
11164,05604,microsoft,REMEDIOS,ANTIOQUIA,1121253.99,100.43,,2026-05-24T02:58:48+00:00,71.82
64088,20001,microsoft,VALLEDUPAR,CESAR,13526768.95,211.07,,2026-05-24T02:58:48+00:00,92.68
9766,18592,microsoft,PUERTO RICO,CAQUETÁ,1570320.67,160.79,,2026-05-24T02:58:48+00:00,96.95
23738,19130,microsoft,CAJIBÍO,CAUCA,2269145.42,95.59,,2026-05-24T02:58:48+00:00,74.27
5245,52612,microsoft,RICAURTE,NARIÑO,396210.13,75.54,,2026-05-24T02:58:48+00:00,58.12
5774,13212,microsoft,CÓRDOBA,BOLÍVAR,480277.09,83.18,,2026-05-24T02:58:48+00:00,67.34
6602,13473,microsoft,MORALES,BOLÍVAR,676817.21,102.52,,2026-05-24T02:58:48+00:00,70.89
13927,18150,microsoft,CARTAGENA DEL CHAIRÁ,CAQUETÁ,2093753.87,150.34,,2026-05-24T02:58:48+00:00,93.88
10304,05045,microsoft,APARTADÓ,ANTIOQUIA,3445794.5,334.41,,2026-05-24T02:58:48+00:00,96.0
2948,18205,microsoft,CURILLO,CAQUETÁ,444659.62,150.83,,2026-05-24T02:58:48+00:00,92.97
7120,05895,microsoft,ZARAGOZA,ANTIOQUIA,614979.06,86.37,,2026-05-24T02:58:48+00:00,53.47
15613,23580,microsoft,PUERTO LIBERTADOR,CÓRDOBA,1440530.68,92.26,,2026-05-24T02:58:48+00:00,68.83
1790,52473,microsoft,MOSQUERA,NARIÑO,191370.83,106.91,,2026-05-24T02:58:48+00:00,84.54
4046,50325,microsoft,MAPIRIPÁN,META,433399.91,107.12,,2026-05-24T02:58:48+00:00,73.7
8287,76275,microsoft,FLORIDA,VALLE DEL CAUCA,1625365.73,196.13,,2026-05-24T02:58:48+00:00,100.69
7303,18756,microsoft,SOLANO,CAQUETÁ,828041.65,113.38,,2026-05-24T02:58:48+00:00,75.59
2036,70230,microsoft,CHALÁN,SUCRE,161706.62,79.42,,2026-05-24T02:58:48+00:00,64.24
1426,52390,microsoft,LA TOLA,NARIÑO,150928.05,105.84,,2026-05-24T02:58:48+00:00,84.22
9412,05790,microsoft,TARAZÁ,ANTIOQUIA,940202.92,99.89,,2026-05-24T02:58:48+00:00,66.48
5334,27006,microsoft,ACANDÍ,CHOCÓ,516042.24,96.75,,2026-05-24T02:58:48+00:00,69.73
16869,73168,microsoft,CHAPARRAL,TOLIMA,1975867.43,117.13,,2026-05-24T02:58:48+00:00,75.15
14811,19780,google,SUÁREZ,CAUCA,915793.28,61.83,,2026-05-24T02:58:48+00:00,48.04
14965,05250,google,EL BAGRE,ANTIOQUIA,1339220.95,89.49,,2026-05-24T02:58:48+00:00,68.4
2492,52427,google,MAGÜI,NARIÑO,230539.46,92.51,,2026-05-24T02:58:48+00:00,77.8
57994,18001,google,FLORENCIA,CAQUETÁ,7354379.22,126.81,,2026-05-24T02:58:48+00:00,84.03
23622,44279,google,FONSECA,LA GUAJIRA,1706162.14,72.23,,2026-05-24T02:58:48+00:00,51.91
21633,47189,google,CIÉNAGA,MAGDALENA,1590488.51,73.52,,2026-05-24T02:58:48+00:00,49.62
5981,19809,google,TIMBIQUÍ,CAUCA,451813.29,75.54,,2026-05-24T02:58:48+00:00,62.22
315,27425,google,MEDIO ATRATO,CHOCÓ,19523.83,61.98,,2026-05-24T02:58:48+00:00,43.9
6631,50577,google,PUERTO LLERAS,META,580088.32,87.48,,2026-05-24T02:58:48+00:00,55.41
8144,18410,google,LA MONTAÑITA,CAQUETÁ,819437.52,100.62,,2026-05-24T02:58:48+00:00,70.44
425,27205,google,CONDOTO,CHOCÓ,33118.68,77.93,,2026-05-24T02:58:48+00:00,60.08
5380,27800,google,UNGUÍA,CHOCÓ,451488.71,83.92,,2026-05-24T02:58:48+00:00,64.04
1462,52696,google,SANTA BÁRBARA,NARIÑO,101224.51,69.24,,2026-05-24T02:58:48+00:00,59.56
8558,54245,google,EL CARMEN,NORTE DE SANTANDER,653185.27,76.32,,2026-05-24T02:58:48+00:00,55.1
30083,23466,google,MONTELÍBANO,CÓRDOBA,2657595.32,88.34,,2026-05-24T02:58:48+00:00,64.71
35728,81794,google,TAME,ARAUCA,3183273.4,89.1,,2026-05-24T02:58:48+00:00,61.71
3242,18785,google,SOLITA,CAQUETÁ,333711.08,102.93,,2026-05-24T02:58:48+00:00,72.02
18594,47053,google,ARACATACA,MAGDALENA,1593883.35,85.72,,2026-05-24T02:58:48+00:00,60.39
23314,86001,google,MOCOA,PUTUMAYO,2289288.7,98.19,,2026-05-24T02:58:48+00:00,66.76
5794,50330,google,MESETAS,META,539266.19,93.07,,2026-05-24T02:58:48+00:00,62.47
20396,20621,google,LA PAZ,CESAR,1378446.18,67.58,,2026-05-24T02:58:48+00:00,45.09
35,27491,google,NÓVITA,CHOCÓ,2017.56,57.64,,2026-05-24T02:58:48+00:00,53.65
6366,19318,google,GUAPI,CAUCA,534600.86,83.98,,2026-05-24T02:58:48+00:00,70.85
12259,81300,google,FORTUL,ARAUCA,1081622.06,88.23,,2026-05-24T02:58:48+00:00,60.54
3482,05495,google,NECHÍ,ANTIOQUIA,231239.17,66.41,,2026-05-24T02:58:48+00:00,52.98
18390,86865,google,VALLE DEL GUAMUEZ,PUTUMAYO,1663195.46,90.44,,2026-05-24T02:58:48+00:00,71.37
29569,19473,google,MORALES,CAUCA,1854230.27,62.71,,2026-05-24T02:58:48+00:00,43.72
8792,05361,google,ITUANGO,ANTIOQUIA,612211.95,69.63,,2026-05-24T02:58:48+00:00,46.5
8441,70418,google,LOS PALMITOS,SUCRE,475110.41,56.29,,2026-05-24T02:58:48+00:00,45.11
8318,86571,google,PUERTO GUZMÁN,PUTUMAYO,697830.51,83.89,,2026-05-24T02:58:48+00:00,61.97
77890,05837,google,TURBO,ANTIOQUIA,5963327.19,76.56,,2026-05-24T02:58:48+00:00,58.4
6264,18256,google,EL PAUJIL,CAQUETÁ,746278.98,119.14,,2026-05-24T02:58:48+00:00,75.1
7436,86569,google,PUERTO CAICEDO,PUTUMAYO,664930.62,89.42,,2026-05-24T02:58:48+00:00,65.46
21656,05665,google,SAN PEDRO DE URABA,ANTIOQUIA,1626578.16,75.11,,2026-05-24T02:58:48+00:00,56.38
22232,18753,google,SAN VICENTE DEL CAGUÁN,CAQUETÁ,2665768.51,119.91,,2026-05-24T02:58:48+00:00,74.96
10575,54800,google,TEORAMA,NORTE DE SANTANDER,884391.06,83.63,,2026-05-24T02:58:48+00:00,64.22
8823,18247,google,EL DONCELLO,CAQUETÁ,1136020.83,128.76,,2026-05-24T02:58:48+00:00,82.62
8480,54670,google,SAN CALIXTO,NORTE DE SANTANDER,600719.75,70.84,,2026-05-24T02:58:48+00:00,54.12
6459,19364,google,JAMBALÓ,CAUCA,410966.99,63.63,,2026-05-24T02:58:48+00:00,48.58
15164,70823,google,TOLÚ VIEJO,SUCRE,958880.03,63.23,,2026-05-24T02:58:48+00:00,46.78
6753,50325,google,MAPIRIPÁN,META,514979.72,76.26,,2026-05-24T02:58:48+00:00,50.19
7361,18756,google,SOLANO,CAQUETÁ,708539.88,96.26,,2026-05-24T02:58:48+00:00,65.23
37193,05045,google,APARTADÓ,ANTIOQUIA,3698961.79,99.45,,2026-05-24T02:58:48+00:00,66.51
4290,18205,google,CURILLO,CAQUETÁ,439650.96,102.48,,2026-05-24T02:58:48+00:00,73.59
10572,05895,google,ZARAGOZA,ANTIOQUIA,689285.16,65.2,,2026-05-24T02:58:48+00:00,46.31
596,52473,google,MOSQUERA,NARIÑO,39960.54,67.05,,2026-05-24T02:58:48+00:00,60.34
17360,86320,google,ORITO,PUTUMAYO,1571853.42,90.54,,2026-05-24T02:58:48+00:00,69.3
3340,70230,google,CHALÁN,SUCRE,218968.57,65.56,,2026-05-24T02:58:48+00:00,54.19
1942,52390,google,LA TOLA,NARIÑO,153304.37,78.94,,2026-05-24T02:58:48+00:00,66.98
11820,05790,google,TARAZÁ,ANTIOQUIA,836401.45,70.76,,2026-05-24T02:58:48+00:00,54.91
6368,27006,google,ACANDÍ,CHOCÓ,461402.63,72.46,,2026-05-24T02:58:48+00:00,57.24
18710,73168,google,CHAPARRAL,TOLIMA,1726819.65,92.29,,2026-05-24T02:58:48+00:00,64.73
5758,05480,google,MUTATÁ,ANTIOQUIA,491148.93,85.3,,2026-05-24T02:58:48+00:00,57.61
12657,19075,google,BALBOA,CAUCA,880453.26,69.56,,2026-05-24T02:58:48+00:00,52.74
9918,13212,google,CÓRDOBA,BOLÍVAR,657483.8,66.29,,2026-05-24T02:58:48+00:00,52.44
11253,13473,google,MORALES,BOLÍVAR,825189.04,73.33,,2026-05-24T02:58:48+00:00,51.82
15574,18150,google,CARTAGENA DEL CHAIRÁ,CAQUETÁ,1793697.37,115.17,,2026-05-24T02:58:48+00:00,75.06
14701,05604,google,REMEDIOS,ANTIOQUIA,1065154.86,72.45,,2026-05-24T02:58:48+00:00,54.27
171908,20001,google,VALLEDUPAR,CESAR,15411306.86,89.65,,2026-05-24T02:58:48+00:00,55.96
11202,18592,google,PUERTO RICO,CAQUETÁ,1207624.46,107.8,,2026-05-24T02:58:48+00:00,71.15
41240,19130,google,CAJIBÍO,CAUCA,2577303.38,62.5,,2026-05-24T02:58:48+00:00,42.19
16479,23580,google,PUERTO LIBERTADOR,CÓRDOBA,1258487.16,76.37,,2026-05-24T02:58:48+00:00,57.51
527,52520,google,FRANCISCO PIZARRO,NARIÑO,32771.06,62.18,,2026-05-24T02:58:48+00:00,56.53
2429,18479,google,MORELIA,CAQUETÁ,278490.09,114.65,,2026-05-24T02:58:48+00:00,77.42
5854,52405,google,LEIVA,NARIÑO,381316.0,65.14,,2026-05-24T02:58:48+00:00,51.17
33093,05490,google,NECOCLÍ,ANTIOQUIA,2406266.19,72.71,,2026-05-24T02:58:48+00:00,56.64
5,27745,google,SIPÍ,CHOCÓ,209.8,41.96,,2026-05-24T02:58:48+00:00,10.73
53,52612,google,RICAURTE,NARIÑO,1820.22,34.34,,2026-05-24T02:58:48+00:00,23.92
13193,54720,google,SARDINATA,NORTE DE SANTANDER,1096451.69,83.11,,2026-05-24T02:58:48+00:00,63.02
104324,76109,google,BUENAVENTURA,VALLE DEL CAUCA,7701466.61,73.82,,2026-05-24T02:58:48+00:00,52.18
4949,18860,google,VALPARAÍSO,CAQUETÁ,538853.79,108.88,,2026-05-24T02:58:48+00:00,76.27
13029,19110,google,BUENOS AIRES,CAUCA,1051282.53,80.69,,2026-05-24T02:58:48+00:00,64.54
6775,27361,google,ISTMINA,CHOCÓ,670708.48,99.0,,2026-05-24T02:58:48+00:00,75.5
6051,20443,google,MANAURE BALCÓN DEL CESAR,CESAR,472571.51,78.1,,2026-05-24T02:58:48+00:00,58.21
15618,13670,google,SAN PABLO,BOLÍVAR,1120845.22,71.77,,2026-05-24T02:58:48+00:00,53.11
18927,13688,google,SANTA ROSA DEL SUR,BOLÍVAR,1493259.12,78.9,,2026-05-24T02:58:48+00:00,57.83
10961,13744,google,SIMITÍ,BOLÍVAR,838468.0,76.5,,2026-05-24T02:58:48+00:00,53.46
3589,18460,google,MILÁN,CAQUETÁ,357681.49,99.66,,2026-05-24T02:58:48+00:00,69.43
1264,52490,google,OLAYA HERRERA,NARIÑO,76176.64,60.27,,2026-05-24T02:58:48+00:00,51.31
32767,54810,google,TIBÚ,NORTE DE SANTANDER,2647485.66,80.8,,2026-05-24T02:58:48+00:00,59.65
1350,73616,google,RIOBLANCO,TOLIMA,104135.5,77.14,,2026-05-24T02:58:48+00:00,58.02
43200,19256,google,EL TAMBO,CAUCA,2708770.8,62.7,,2026-05-24T02:58:48+00:00,45.88
35527,19698,google,SANTANDER DE QUILICHAO,CAUCA,3849220.83,108.35,,2026-05-24T02:58:48+00:00,75.39
13975,76275,google,FLORIDA,VALLE DEL CAUCA,1658534.55,118.68,,2026-05-24T02:58:48+00:00,89.25
3780,50370,google,URIBE,META,321543.88,85.06,,2026-05-24T02:58:48+00:00,47.53
3559,05107,google,BRICEÑO,ANTIOQUIA,209165.02,58.77,,2026-05-24T02:58:48+00:00,39.22
18024,19532,google,PATÍA,CAUCA,1502230.52,83.35,,2026-05-24T02:58:48+00:00,62.33
34742,20013,google,AGUSTÍN CODAZZI,CESAR,2714675.83,78.14,,2026-05-24T02:58:48+00:00,55.52
13265,76563,google,PRADERA,VALLE DEL CAUCA,1672760.88,126.1,,2026-05-24T02:58:48+00:00,82.98
4728,13160,google,CANTAGALLO,BOLÍVAR,333868.41,70.62,,2026-05-24T02:58:48+00:00,53.16
27016,47288,google,FUNDACIÓN,MAGDALENA,2247881.04,83.21,,2026-05-24T02:58:48+00:00,58.34
24548,70713,google,SAN ONOFRE,SUCRE,1691642.46,68.91,,2026-05-24T02:58:48+00:00,55.82
27625,81736,google,SARAVENA,ARAUCA,2191193.46,79.32,,2026-05-24T02:58:48+00:00,58.56
28650,44650,google,SAN JUAN DEL CESAR,LA GUAJIRA,2028816.39,70.81,,2026-05-24T02:58:48+00:00,48.05
14338,54206,google,CONVENCIÓN,NORTE DE SANTANDER,1118093.21,77.98,,2026-05-24T02:58:48+00:00,57.85
4909,18610,google,SAN JOSÉ DEL FRAGUA,CAQUETÁ,493825.4,100.6,,2026-05-24T02:58:48+00:00,74.35
6484,95015,google,CALAMAR,GUAVIARE,577964.98,89.14,,2026-05-24T02:58:48+00:00,55.44
31395,19548,google,PIENDAMÓ,CAUCA,2714881.37,86.47,,2026-05-24T02:58:48+00:00,55.13
2999,05031,google,AMALFI,ANTIOQUIA,186203.93,62.09,,2026-05-24T02:58:48+00:00,38.14
15086,05736,google,SEGOVIA,ANTIOQUIA,1111732.9,73.69,,2026-05-24T02:58:48+00:00,55.08
15755,05147,google,CAREPA,ANTIOQUIA,1639457.78,104.06,,2026-05-24T02:58:48+00:00,69.15
12575,41020,google,ALGECIRAS,HUILA,1162587.19,92.45,,2026-05-24T02:58:48+00:00,63.66
15441,20570,google,PUEBLO BELLO,CESAR,972145.9,62.96,,2026-05-24T02:58:48+00:00,39.68
3652,95200,google,MIRAFLORES,GUAVIARE,317824.23,87.03,,2026-05-24T02:58:48+00:00,61.27
6007,13894,google,ZAMBRANO,BOLÍVAR,441469.21,73.49,,2026-05-24T02:58:48+00:00,54.75
10727,05893,google,YONDÓ,ANTIOQUIA,892641.4,83.21,,2026-05-24T02:58:48+00:00,59.31
5360,52233,google,CUMBITARA,NARIÑO,356762.36,66.56,,2026-05-24T02:58:48+00:00,52.21
7616,52540,google,POLICARPA,NARIÑO,503708.04,66.14,,2026-05-24T02:58:48+00:00,52.85
5405,18094,google,BELÉN DE LOS ANDAQUÍES,CAQUETÁ,581081.92,107.51,,2026-05-24T02:58:48+00:00,74.73
16351,70508,google,OVEJAS,SUCRE,1058734.41,64.75,,2026-05-24T02:58:48+00:00,51.89
5070,52250,google,EL CHARCO,NARIÑO,361321.15,71.27,,2026-05-24T02:58:48+00:00,61.29
13609,19050,google,ARGELIA,CAUCA,973614.78,71.54,,2026-05-24T02:58:48+00:00,53.28
9303,50590,google,PUERTO RICO,META,750545.13,80.68,,2026-05-24T02:58:48+00:00,54.82
6440,70204,google,COLOSO,SUCRE,413000.53,64.13,,2026-05-24T02:58:48+00:00,54.0
6750,54344,google,HACARÍ,NORTE DE SANTANDER,494043.58,73.19,,2026-05-24T02:58:48+00:00,56.89
10426,95025,google,EL RETORNO,GUAVIARE,866115.45,83.07,,2026-05-24T02:58:48+00:00,57.24
18812,05172,google,CHIGORODÓ,ANTIOQUIA,1875370.21,99.69,,2026-05-24T02:58:48+00:00,73.68
15245,19137,google,CALDONO,CAUCA,1231769.88,80.8,,2026-05-24T02:58:48+00:00,61.03
183114,47001,google,SANTA MARTA,MAGDALENA,16002408.52,87.39,,2026-05-24T02:58:48+00:00,58.45
25113,23855,google,VALENCIA,CÓRDOBA,1717492.91,68.39,,2026-05-24T02:58:48+00:00,53.17
5899,50450,google,PUERTO CONCORDIA,META,474765.0,80.48,,2026-05-24T02:58:48+00:00,56.24
27033,70473,google,MORROA,SUCRE,2193964.1,81.16,,2026-05-24T02:58:48+00:00,62.05
99,19418,google,LÓPEZ,CAUCA,6681.7,67.49,,2026-05-24T02:58:48+00:00,48.16
347,52621,google,ROBERTO PAYÁN,NARIÑO,23695.99,68.29,,2026-05-24T02:58:48+00:00,55.75
12636,05120,google,CÁCERES,ANTIOQUIA,985003.45,77.95,,2026-05-24T02:58:48+00:00,54.99
7959,52256,google,EL ROSARIO,NARIÑO,473187.32,59.45,,2026-05-24T02:58:48+00:00,45.93
7686,13042,google,ARENAL,BOLÍVAR,544695.66,70.87,,2026-05-24T02:58:48+00:00,51.13
6647,52079,google,BARBACOAS,NARIÑO,477590.39,71.85,,2026-05-24T02:58:48+00:00,59.24
21852,13657,google,SAN JUAN NEPOMUCENO,BOLÍVAR,1448500.91,66.29,,2026-05-24T02:58:48+00:00,51.36
9076,54250,google,EL TARRA,NORTE DE SANTANDER,730410.11,80.48,,2026-05-24T02:58:48+00:00,61.87
6995,73555,google,PLANADAS,TOLIMA,522361.6,74.68,,2026-05-24T02:58:48+00:00,55.5
36164,81065,google,ARAUQUITA,ARAUCA,3020970.94,83.54,,2026-05-24T02:58:48+00:00,59.06
11682,19450,google,MERCADERES,CAUCA,918648.16,78.64,,2026-05-24T02:58:48+00:00,54.04
94,27150,google,CARMEN DEL DARIEN,CHOCÓ,5623.27,59.82,,2026-05-24T02:58:48+00:00,37.37
20499,13442,google,MARÍA LA BAJA,BOLÍVAR,1455881.24,71.02,,2026-05-24T02:58:48+00:00,60.04
12207,20750,google,SAN DIEGO,CESAR,904158.02,74.07,,2026-05-24T02:58:48+00:00,49.77
38252,13244,google,EL CARMEN DE BOLÍVAR,BOLÍVAR,2545456.47,66.54,,2026-05-24T02:58:48+00:00,53.2
12203,86757,google,SAN MIGUEL,PUTUMAYO,929378.75,76.16,,2026-05-24T02:58:48+00:00,60.45
6766,52418,google,LOS ANDES,NARIÑO,390400.05,57.7,,2026-05-24T02:58:48+00:00,44.52
12945,20045,google,BECERRIL,CESAR,926905.87,71.6,,2026-05-24T02:58:48+00:00,49.85
10403,19212,google,CORINTO,CAUCA,890206.91,85.57,,2026-05-24T02:58:48+00:00,66.4
22566,44090,google,DIBULLA,LA GUAJIRA,1282186.35,56.82,,2026-05-24T02:58:48+00:00,32.83
30710,05154,google,CAUCASIA,ANTIOQUIA,2801047.12,91.21,,2026-05-24T02:58:48+00:00,67.08
2904,18029,google,ALBANIA,CAQUETÁ,323678.87,111.46,,2026-05-24T02:58:48+00:00,79.85
5457,73067,google,ATACO,TOLIMA,449056.05,82.29,,2026-05-24T02:58:48+00:00,54.68
7760,05234,google,DABEIBA,ANTIOQUIA,511338.38,65.89,,2026-05-24T02:58:48+00:00,44.58
7640,05040,google,ANORÍ,ANTIOQUIA,493856.92,64.64,,2026-05-24T02:58:48+00:00,44.82
49702,52835,google,SAN ANDRES DE TUMACO,NARIÑO,3710379.86,74.65,,2026-05-24T02:58:48+00:00,60.13
32798,95001,google,SAN JOSÉ DEL GUAVIARE,GUAVIARE,3172171.82,96.72,,2026-05-24T02:58:48+00:00,65.67
20070,20400,google,LA JAGUA DE IBIRICO,CESAR,1648138.12,82.12,,2026-05-24T02:58:48+00:00,58.36
42469,23807,google,TIERRALTA,CÓRDOBA,3040826.37,71.6,,2026-05-24T02:58:48+00:00,55.5
26218,86568,google,PUERTO ASÍS,PUTUMAYO,2564374.86,97.81,,2026-05-24T02:58:48+00:00,73.43
4940,13248,google,EL GUAMO,BOLÍVAR,371589.21,75.22,,2026-05-24T02:58:48+00:00,58.49
965,27615,google,RIOSUCIO,CHOCÓ,53733.18,55.68,,2026-05-24T02:58:48+00:00,49.9
12918,86885,google,VILLAGARZÓN,PUTUMAYO,1261433.47,97.65,,2026-05-24T02:58:48+00:00,68.87
10497,50350,google,LA MACARENA,META,1113186.82,106.05,,2026-05-24T02:58:48+00:00,63.02
24041,19142,google,CALOTO,CAUCA,2791820.91,116.13,,2026-05-24T02:58:48+00:00,71.23
8598,70523,google,SAN ANTONIO DE PALMITO,SUCRE,484120.83,56.31,,2026-05-24T02:58:48+00:00,44.37
14696,13654,google,SAN JACINTO,BOLÍVAR,975636.23,66.39,,2026-05-24T02:58:48+00:00,53.34
10631,19821,google,TORIBIO,CAUCA,719620.35,67.69,,2026-05-24T02:58:48+00:00,51.51
6323,05854,google,VALDIVIA,ANTIOQUIA,440697.74,69.7,,2026-05-24T02:58:48+00:00,55.72
309,27250,google,EL LITORAL DEL SAN JUAN,CHOCÓ,38160.42,123.5,,2026-05-24T02:58:48+00:00,74.8
12251,50711,google,VISTA HERMOSA,META,1083428.83,88.44,,2026-05-24T02:58:48+00:00,66.02
11088,19455,google,MIRANDA,CAUCA,1277513.0,115.22,,2026-05-24T02:58:48+00:00,74.22
10248,86573,google,LEGUÍZAMO,PUTUMAYO,951107.47,92.81,,2026-05-24T02:58:48+00:00,63.06
